{
  "bitrate": 2585.2037794526314,
  "size": 524332,
  "speed": 0.939167456592646,
  "time": 1622,
  "videoFps": 6.945807,
  "videoFrameNumber": 12,
  "videoQuality": 0.0
}